{
    "nprod": {
        "identifier": "nprod",
        "tenantId": "92cb778e-8ba7-4f34-a011-4ba6e7366996",
        "subscriptionid": "20cb58c6-a214-4736-b5ad-99801e0140eb",
        "VNET": "nprod-int-datascience-northeurope-vnet-01",
        "baseRG": "rpi-nonprod-datascience-northeurope-rg-01"
    },
    "prod": {
        "identifier": "prod",
        "tenantId": "92cb778e-8ba7-4f34-a011-4ba6e7366996",
        "subscriptionid": "fa993bad-3c66-4fd0-8f19-50a9b0c0cb9f",
        "VNET": "prod-int-datascience-northeurope-vnet-01",
        "baseRG": "rpi-nonprod-datascience-northeurope-rg-01"
    }
}