{
    "ProjectName": "DataScienceMgmt",
    "ProjectShortName": "ds-mgmt",
    "SubnetCIDR": "10.120.16.0/28",
    "SPObjectId": "00e169d2-2ad0-4921-9f87-f5bcc60620cd",
    "GrpObjectId": "a59cf553-e93d-4a8a-aec8-7ca3c5bdf5a8",
    "Tags": {
        "ProjectName": "DataScienceMgmt",
        "LegalSubEntity": "Boots UK",
        "Department": "Data Lynx Platform",
        "CostCenter": "997720",
        "CostCode": "",
        "APPMID": "",
        "EnvType": "nprod",
        "SupportTeam": "DL_BootsUK_Data_Science_Platform_Support@boots.co.uk"
    }
}